SaleID,ProductID,Units,UnitPrice,Country,SaleDate
1,1016,4,372.8,Germany,2024-01-01
2,1017,1,547.11,Germany,2024-01-01
3,1019,6,272.55,Italy,2024-01-01
4,1006,6,399.17,Italy,2024-01-01
5,1008,3,440.05,UK,2024-01-01
6,1001,4,672.23,USA,2024-01-01
7,1005,4,725.23,Germany,2024-01-01
8,1004,3,770.87,USA,2024-01-01
9,1012,4,475.25,Italy,2024-01-01
10,1006,3,750.24,UK,2024-01-02
11,1024,5,433.9,UK,2024-01-02
12,1003,4,854.48,UK,2024-01-02
13,1021,7,275.79,Germany,2024-01-02
14,1018,1,400.74,Italy,2024-01-02
15,1003,6,106.2,Italy,2024-01-02
16,1023,2,261.62,Spain,2024-01-02
17,1002,2,743.36,USA,2024-01-02
18,1009,3,711.82,UK,2024-01-02
19,1023,2,812.01,USA,2024-01-03
20,1024,5,90.78,USA,2024-01-03
21,1004,5,202.33,Italy,2024-01-03
22,1016,6,891.11,France,2024-01-03
23,1002,2,444.09,Italy,2024-01-03
24,1019,1,163.49,Italy,2024-01-03
25,1022,2,861.8,USA,2024-01-03
26,1020,2,824.37,Italy,2024-01-03
27,1011,4,333.38,UK,2024-01-03
28,1012,4,626.66,France,2024-01-03
29,1006,5,202.44,Italy,2024-01-03
30,1015,3,641.06,France,2024-01-03
31,1016,5,969.84,Spain,2024-01-03
32,1019,1,404.83,Germany,2024-01-03
33,1023,2,35.1,UK,2024-01-04
34,1023,7,699.01,UK,2024-01-04
35,1001,2,916.06,Spain,2024-01-04
36,1022,1,663.6,UK,2024-01-04
37,1001,5,740.52,UK,2024-01-04
38,1022,5,425.4,France,2024-01-04
39,1016,3,760.27,USA,2024-01-04
40,1014,4,55.54,USA,2024-01-04
41,1014,6,706.62,France,2024-01-04
42,1016,2,765.73,UK,2024-01-04
43,1007,4,181.47,Italy,2024-01-04
44,1005,7,57.58,Italy,2024-01-04
45,1005,4,54.85,Spain,2024-01-04
46,1019,2,506.03,UK,2024-01-04
47,1016,7,944.81,France,2024-01-05
48,1020,4,394.29,France,2024-01-05
49,1001,1,813.09,Germany,2024-01-05
50,1005,4,392.24,USA,2024-01-05
51,1008,2,214.62,UK,2024-01-05
52,1013,4,109.77,Spain,2024-01-05
53,1019,2,686.18,USA,2024-01-05
54,1008,5,846.43,Spain,2024-01-05
55,1019,1,501.08,Spain,2024-01-06
56,1021,2,632.65,UK,2024-01-06
57,1024,4,423.77,UK,2024-01-06
58,1025,4,185.67,USA,2024-01-06
59,1024,3,990.6,France,2024-01-06
60,1018,1,778.65,Italy,2024-01-06
61,1012,1,683.05,USA,2024-01-07
62,1003,1,383.95,USA,2024-01-07
63,1020,1,326.85,Germany,2024-01-07
64,1019,1,62.95,UK,2024-01-07
65,1009,3,100.37,France,2024-01-07
66,1014,7,951.1,Germany,2024-01-07
67,1015,5,100.79,France,2024-01-07
68,1025,4,675.79,France,2024-01-07
69,1021,7,783.48,UK,2024-01-07
70,1010,2,66.98,Spain,2024-01-08
71,1005,3,888.83,Germany,2024-01-08
72,1011,2,968.97,USA,2024-01-08
73,1010,2,622.04,UK,2024-01-08
74,1006,7,431.83,Spain,2024-01-08
75,1009,2,892.98,Spain,2024-01-08
76,1005,5,93.99,Germany,2024-01-08
77,1008,5,376.94,France,2024-01-08
78,1017,7,908.62,UK,2024-01-08
79,1004,6,711.1,Germany,2024-01-09
80,1012,6,708.03,Spain,2024-01-09
81,1019,7,440.11,UK,2024-01-09
82,1013,2,473.97,Spain,2024-01-09
83,1020,4,769.52,USA,2024-01-09
84,1007,1,684.23,France,2024-01-09
85,1025,7,482.94,USA,2024-01-09
86,1024,1,231.36,Italy,2024-01-09
87,1012,5,970.18,UK,2024-01-10
88,1015,5,52.97,UK,2024-01-10
89,1011,4,83.06,Germany,2024-01-10
90,1019,4,84.68,USA,2024-01-10
91,1017,6,301.55,USA,2024-01-10
92,1021,6,588.47,USA,2024-01-10
93,1011,4,959.12,Italy,2024-01-10
94,1012,4,342.3,Spain,2024-01-10
95,1004,2,394.39,France,2024-01-10
96,1018,4,86.96,USA,2024-01-10
97,1004,3,701.18,USA,2024-01-10
98,1009,1,417.09,UK,2024-01-10
99,1016,5,141.85,Germany,2024-01-10
100,1006,2,422.47,UK,2024-01-10
101,1002,2,933.4,Spain,2024-01-11
102,1013,5,36.1,USA,2024-01-11
103,1022,1,485.57,USA,2024-01-11
104,1011,5,752.08,USA,2024-01-11
105,1022,3,843.7,UK,2024-01-11
106,1001,2,46.45,USA,2024-01-11
107,1021,7,866.08,USA,2024-01-11
108,1005,7,752.41,Germany,2024-01-11
109,1021,7,771.3,UK,2024-01-11
110,1010,2,384.07,UK,2024-01-11
111,1014,1,137.87,Germany,2024-01-11
112,1013,5,215.16,USA,2024-01-11
113,1017,2,364.58,Spain,2024-01-11
114,1002,6,774.6,Germany,2024-01-12
115,1018,4,818.22,France,2024-01-12
116,1005,6,877.89,USA,2024-01-12
117,1017,7,38.49,UK,2024-01-12
118,1021,6,707.04,Germany,2024-01-12
119,1007,6,621.09,Spain,2024-01-12
120,1006,2,594.02,Italy,2024-01-12
121,1015,3,100.09,Spain,2024-01-12
122,1020,1,518.85,France,2024-01-12
123,1023,2,863.74,UK,2024-01-12
124,1004,2,927.32,Spain,2024-01-12
125,1017,4,75.57,UK,2024-01-12
126,1002,6,497.69,UK,2024-01-12
127,1011,3,247.74,Germany,2024-01-12
128,1023,7,588.92,Germany,2024-01-13
129,1022,4,190.06,USA,2024-01-13
130,1003,3,520.08,Spain,2024-01-13
131,1019,3,823.57,Spain,2024-01-13
132,1010,5,41.49,Italy,2024-01-13
133,1001,5,466.17,Spain,2024-01-13
134,1014,2,137.46,Spain,2024-01-13
135,1013,3,48.92,USA,2024-01-13
136,1015,1,690.91,Italy,2024-01-13
137,1011,7,383.51,USA,2024-01-13
138,1004,1,93.67,Germany,2024-01-13
139,1020,7,541.22,Italy,2024-01-13
140,1014,2,762.36,Italy,2024-01-13
141,1002,5,71.72,Germany,2024-01-14
142,1024,3,716.22,Italy,2024-01-14
143,1011,7,40.17,Spain,2024-01-14
144,1006,3,403.19,USA,2024-01-14
145,1023,5,190.46,USA,2024-01-14
146,1017,7,98.31,Italy,2024-01-14
147,1012,1,891.62,France,2024-01-14
148,1025,4,361.55,USA,2024-01-14
149,1013,2,96.05,Italy,2024-01-14
150,1002,7,747.99,USA,2024-01-14
151,1012,3,384.98,UK,2024-01-14
152,1006,4,649.46,Spain,2024-01-14
153,1013,6,609.72,USA,2024-01-15
154,1021,6,233.08,Italy,2024-01-15
155,1023,4,852.31,Italy,2024-01-15
156,1024,7,843.89,Germany,2024-01-15
157,1019,7,416.29,France,2024-01-15
158,1024,7,897.64,France,2024-01-15
159,1011,4,15.25,Italy,2024-01-15
160,1017,6,179.18,Germany,2024-01-15
161,1025,2,561.2,Spain,2024-01-15
162,1019,5,771.8,Italy,2024-01-15
163,1022,4,431.18,USA,2024-01-15
164,1020,1,534.54,USA,2024-01-15
165,1014,6,585.43,Germany,2024-01-16
166,1004,5,537.26,USA,2024-01-16
167,1006,2,459.73,UK,2024-01-16
168,1023,2,990.06,UK,2024-01-16
169,1008,2,96.99,UK,2024-01-16
170,1009,1,125.53,Italy,2024-01-16
171,1023,3,355.38,USA,2024-01-16
172,1005,6,748.51,Spain,2024-01-16
173,1014,5,733.56,USA,2024-01-16
174,1002,4,385.44,USA,2024-01-16
175,1008,6,57.61,UK,2024-01-16
176,1008,3,797.31,Italy,2024-01-16
177,1003,5,194.54,Germany,2024-01-16
178,1014,2,908.79,USA,2024-01-16
179,1025,2,818.43,Italy,2024-01-17
180,1019,5,308.36,USA,2024-01-17
181,1025,1,900.58,Spain,2024-01-17
182,1014,5,907.41,Germany,2024-01-17
183,1007,3,437.21,Germany,2024-01-17
184,1007,3,341.56,France,2024-01-17
185,1015,7,623.87,France,2024-01-17
186,1007,3,790.71,Italy,2024-01-17
187,1025,1,709.91,Germany,2024-01-17
188,1023,1,43.2,Italy,2024-01-17
189,1002,2,499.04,Spain,2024-01-17
190,1001,6,823.04,France,2024-01-17
191,1013,4,403.31,UK,2024-01-17
192,1008,5,491.49,France,2024-01-17
193,1019,3,569.85,Spain,2024-01-18
194,1011,3,352.24,Germany,2024-01-18
195,1010,6,235.08,Spain,2024-01-18
196,1014,3,161.82,UK,2024-01-18
197,1008,6,109.79,USA,2024-01-18
198,1015,4,597.03,France,2024-01-18
199,1016,4,792.18,UK,2024-01-19
200,1008,7,161.01,France,2024-01-19
201,1009,6,86.55,Italy,2024-01-19
202,1008,1,926.31,USA,2024-01-19
203,1014,5,984.99,Italy,2024-01-19
204,1004,6,839.12,USA,2024-01-19
205,1022,7,235.12,UK,2024-01-19
206,1015,1,746.81,Spain,2024-01-19
207,1025,5,607.68,Germany,2024-01-20
208,1020,1,864.88,Italy,2024-01-20
209,1002,7,353.48,Spain,2024-01-20
210,1017,3,42.52,Germany,2024-01-20
211,1019,6,184.62,France,2024-01-20
212,1006,5,915.7,USA,2024-01-20
213,1011,6,227.9,Spain,2024-01-20
214,1021,1,186.26,France,2024-01-20
215,1017,4,420.48,France,2024-01-21
216,1008,1,306.6,UK,2024-01-21
217,1023,3,217.81,Germany,2024-01-21
218,1017,5,383.95,Germany,2024-01-21
219,1018,1,777.77,Spain,2024-01-21
220,1002,6,446.36,Spain,2024-01-21
221,1006,3,163.69,USA,2024-01-21
222,1008,5,84.75,Germany,2024-01-21
223,1010,2,898.46,Spain,2024-01-21
224,1001,7,979.14,Spain,2024-01-21
225,1007,5,413.9,USA,2024-01-21
226,1023,3,238.76,Germany,2024-01-21
227,1008,6,345.88,UK,2024-01-21
228,1019,1,561.15,Spain,2024-01-22
229,1003,6,607.17,Italy,2024-01-22
230,1011,4,944.97,Italy,2024-01-22
231,1021,6,300.22,Spain,2024-01-22
232,1007,2,94.65,UK,2024-01-22
233,1019,5,877.68,UK,2024-01-22
234,1018,2,911.52,UK,2024-01-22
235,1011,2,826.86,Germany,2024-01-23
236,1023,7,275.38,UK,2024-01-23
237,1005,6,776.1,USA,2024-01-23
238,1002,5,301.52,France,2024-01-23
239,1022,4,148.71,Spain,2024-01-23
240,1024,3,895.61,USA,2024-01-23
241,1018,3,517.33,USA,2024-01-23
242,1008,2,637.14,USA,2024-01-23
243,1022,3,427.49,Spain,2024-01-24
244,1013,2,279.58,Germany,2024-01-24
245,1006,2,534.37,Spain,2024-01-24
246,1004,1,281.31,USA,2024-01-24
247,1005,1,502.49,France,2024-01-24
248,1023,5,20.89,UK,2024-01-24
249,1025,7,875.15,Spain,2024-01-24
250,1012,5,668.39,Spain,2024-01-24
251,1013,1,424.58,France,2024-01-24
252,1014,2,174.62,Germany,2024-01-24
253,1019,5,607.12,Spain,2024-01-25
254,1021,3,295.81,France,2024-01-25
255,1017,3,304.15,Germany,2024-01-25
256,1022,2,402.68,Italy,2024-01-25
257,1022,5,488.92,Spain,2024-01-25
258,1015,4,170.39,France,2024-01-26
259,1011,1,501.4,UK,2024-01-26
260,1011,2,627.1,Spain,2024-01-26
261,1021,1,84.39,USA,2024-01-26
262,1001,1,707.88,Spain,2024-01-26
263,1025,7,85.17,Spain,2024-01-26
264,1005,4,697.75,Italy,2024-01-26
265,1006,2,112.06,UK,2024-01-26
266,1017,2,693.65,USA,2024-01-27
267,1015,4,546.48,Germany,2024-01-27
268,1008,7,808.5,UK,2024-01-27
269,1022,6,980.77,Spain,2024-01-27
270,1025,4,229.0,Spain,2024-01-27
271,1013,2,49.03,Spain,2024-01-28
272,1016,7,999.36,Spain,2024-01-28
273,1021,6,916.33,Italy,2024-01-28
274,1015,5,733.71,Germany,2024-01-28
275,1016,2,427.55,UK,2024-01-28
276,1018,7,863.42,Germany,2024-01-28
277,1018,3,830.63,USA,2024-01-28
278,1014,7,371.05,France,2024-01-28
279,1013,2,886.15,Germany,2024-01-28
280,1008,2,727.52,France,2024-01-28
281,1007,7,805.94,France,2024-01-28
282,1022,1,740.48,USA,2024-01-28
283,1016,5,619.7,Italy,2024-01-28
284,1023,3,871.4,Italy,2024-01-29
285,1023,5,533.65,Germany,2024-01-29
286,1007,6,357.2,Italy,2024-01-29
287,1017,5,47.22,France,2024-01-29
288,1025,4,984.24,Spain,2024-01-29
289,1025,7,427.14,UK,2024-01-29
290,1017,3,472.64,Italy,2024-01-30
291,1018,4,718.4,UK,2024-01-30
292,1025,1,911.24,USA,2024-01-30
293,1015,1,397.71,France,2024-01-30
294,1012,3,950.46,UK,2024-01-30
295,1011,4,423.4,Italy,2024-01-31
296,1024,3,904.69,Spain,2024-01-31
297,1025,7,991.26,Germany,2024-01-31
298,1008,4,839.45,Italy,2024-01-31
299,1021,3,517.56,Spain,2024-01-31
300,1011,2,390.25,USA,2024-01-31
301,1017,2,781.79,Italy,2024-01-31
302,1005,5,633.48,USA,2024-01-31
303,1009,3,601.3,USA,2024-01-31
304,1003,2,496.27,USA,2024-02-01
305,1024,3,817.67,Italy,2024-02-01
306,1013,5,541.6,USA,2024-02-01
307,1004,6,861.53,Germany,2024-02-01
308,1009,3,280.23,UK,2024-02-01
309,1009,3,956.09,France,2024-02-01
310,1010,1,335.76,USA,2024-02-01
311,1005,3,96.12,France,2024-02-01
312,1015,6,267.16,UK,2024-02-01
313,1016,2,537.28,UK,2024-02-01
314,1016,5,895.54,UK,2024-02-01
315,1017,2,500.2,Italy,2024-02-01
316,1019,2,575.61,Spain,2024-02-01
317,1008,3,865.85,USA,2024-02-01
318,1024,3,869.48,France,2024-02-02
319,1001,3,868.62,USA,2024-02-02
320,1013,3,246.3,UK,2024-02-02
321,1010,4,622.43,Italy,2024-02-02
322,1007,5,882.06,Spain,2024-02-02
323,1025,3,880.28,Spain,2024-02-02
324,1010,3,236.34,Spain,2024-02-02
325,1004,2,833.81,UK,2024-02-02
326,1012,7,201.2,UK,2024-02-02
327,1014,3,981.37,USA,2024-02-02
328,1002,4,18.98,UK,2024-02-03
329,1003,6,290.51,Spain,2024-02-03
330,1009,2,348.45,France,2024-02-03
331,1015,6,756.16,Italy,2024-02-03
332,1004,4,691.01,Spain,2024-02-03
333,1004,3,174.71,France,2024-02-03
334,1022,1,586.35,USA,2024-02-03
335,1022,2,83.95,Spain,2024-02-03
336,1018,6,973.75,UK,2024-02-03
337,1012,4,651.1,France,2024-02-03
338,1012,7,74.97,USA,2024-02-03
339,1006,7,493.76,Germany,2024-02-03
340,1023,2,167.35,Spain,2024-02-04
341,1004,1,111.17,USA,2024-02-04
342,1007,7,796.86,UK,2024-02-04
343,1011,4,841.55,Italy,2024-02-04
344,1020,6,140.02,Germany,2024-02-04
345,1017,6,159.55,France,2024-02-04
346,1021,7,425.53,Germany,2024-02-04
347,1020,6,762.49,UK,2024-02-04
348,1003,3,415.24,France,2024-02-04
349,1006,7,748.38,Germany,2024-02-04
350,1017,1,717.77,Spain,2024-02-04
351,1015,4,478.48,France,2024-02-04
352,1014,1,869.94,UK,2024-02-04
353,1008,7,459.16,Spain,2024-02-04
354,1007,3,798.83,France,2024-02-05
355,1021,4,967.84,France,2024-02-05
356,1014,7,486.71,Italy,2024-02-05
357,1007,1,611.23,France,2024-02-05
358,1004,1,208.52,USA,2024-02-05
359,1022,6,332.67,Spain,2024-02-05
360,1024,3,984.51,USA,2024-02-05
361,1008,5,81.72,Spain,2024-02-05
362,1011,5,759.49,France,2024-02-06
363,1006,1,49.22,Italy,2024-02-06
364,1019,1,249.62,USA,2024-02-06
365,1014,7,503.9,Italy,2024-02-06
366,1020,1,564.05,Spain,2024-02-06
367,1001,2,538.9,USA,2024-02-06
368,1013,6,42.87,France,2024-02-06
369,1022,7,141.39,Spain,2024-02-06
370,1014,2,802.58,Spain,2024-02-06
371,1010,7,673.68,Germany,2024-02-06
372,1006,1,936.85,USA,2024-02-07
373,1018,4,872.26,Spain,2024-02-07
374,1020,6,616.14,Germany,2024-02-07
375,1020,4,601.5,Italy,2024-02-07
376,1003,7,531.14,Spain,2024-02-07
377,1014,3,727.58,France,2024-02-07
378,1023,4,167.95,UK,2024-02-07
379,1019,7,475.48,UK,2024-02-08
380,1008,5,791.8,Germany,2024-02-08
381,1012,2,30.65,Germany,2024-02-08
382,1022,5,996.37,USA,2024-02-08
383,1003,4,207.55,Germany,2024-02-08
384,1022,7,211.54,France,2024-02-08
385,1017,6,961.17,Spain,2024-02-08
386,1020,5,352.48,France,2024-02-09
387,1020,4,49.71,USA,2024-02-09
388,1019,1,444.23,UK,2024-02-09
389,1002,4,874.69,Spain,2024-02-09
390,1004,6,658.46,Germany,2024-02-09
391,1019,2,913.24,France,2024-02-09
392,1003,5,471.15,UK,2024-02-09
393,1015,1,140.25,France,2024-02-09
394,1016,6,187.89,France,2024-02-09
395,1014,6,517.49,UK,2024-02-09
396,1005,6,497.36,Italy,2024-02-09
397,1022,4,410.97,Italy,2024-02-09
398,1007,1,666.0,Italy,2024-02-10
399,1017,3,319.03,France,2024-02-10
400,1002,3,660.17,USA,2024-02-10
401,1008,4,139.56,UK,2024-02-10
402,1023,7,242.33,Spain,2024-02-10
403,1003,6,178.06,Spain,2024-02-10
404,1010,4,830.59,USA,2024-02-10
405,1005,4,592.01,France,2024-02-10
406,1001,1,175.37,France,2024-02-10
407,1025,3,739.04,UK,2024-02-10
408,1012,5,783.97,France,2024-02-10
409,1024,4,865.57,Italy,2024-02-10
410,1018,6,66.52,UK,2024-02-11
411,1020,2,48.95,Germany,2024-02-11
412,1006,5,934.54,UK,2024-02-11
413,1001,1,588.82,France,2024-02-11
414,1010,4,986.76,Germany,2024-02-11
415,1011,6,952.29,Spain,2024-02-11
416,1025,7,460.19,Germany,2024-02-11
417,1018,7,670.2,France,2024-02-11
418,1013,4,707.63,Spain,2024-02-12
419,1023,2,196.47,UK,2024-02-12
420,1006,5,963.71,Spain,2024-02-12
421,1001,7,978.84,Germany,2024-02-12
422,1010,6,502.2,USA,2024-02-12
423,1008,7,574.9,France,2024-02-12
424,1008,1,692.63,USA,2024-02-12
425,1001,3,941.47,Italy,2024-02-12
426,1021,5,581.41,Italy,2024-02-12
427,1002,2,608.9,USA,2024-02-12
428,1001,1,993.4,UK,2024-02-12
429,1021,5,295.8,Germany,2024-02-13
430,1004,2,410.1,Italy,2024-02-13
431,1004,6,443.79,Spain,2024-02-13
432,1018,5,799.84,Germany,2024-02-13
433,1013,3,381.92,Italy,2024-02-13
434,1022,7,15.7,USA,2024-02-13
435,1012,2,402.21,UK,2024-02-13
436,1019,4,553.01,USA,2024-02-13
437,1017,1,449.98,Italy,2024-02-13
438,1011,3,176.76,Italy,2024-02-13
439,1010,2,468.86,Germany,2024-02-13
440,1021,2,951.96,Spain,2024-02-13
441,1006,4,35.39,Spain,2024-02-13
442,1012,5,404.83,UK,2024-02-14
443,1015,4,481.93,Germany,2024-02-14
444,1016,7,814.86,Spain,2024-02-14
445,1012,3,526.02,UK,2024-02-14
446,1023,3,17.49,UK,2024-02-14
447,1015,1,658.15,Germany,2024-02-14
448,1015,4,935.09,Italy,2024-02-14
449,1019,2,174.67,France,2024-02-14
450,1016,5,292.02,Germany,2024-02-14
451,1015,4,543.77,Spain,2024-02-14
452,1004,6,718.99,USA,2024-02-14
453,1013,4,824.94,Italy,2024-02-14
454,1011,7,684.31,Spain,2024-02-14
455,1013,7,711.96,USA,2024-02-15
456,1010,5,264.0,France,2024-02-15
457,1020,4,96.17,Italy,2024-02-15
458,1001,4,52.98,Spain,2024-02-15
459,1015,3,12.56,Italy,2024-02-15
460,1022,5,885.36,USA,2024-02-15
461,1009,7,614.87,Spain,2024-02-15
462,1025,5,906.83,USA,2024-02-15
463,1005,4,282.06,Germany,2024-02-15
464,1004,4,674.71,USA,2024-02-15
465,1018,3,627.62,USA,2024-02-15
466,1018,5,176.33,Germany,2024-02-16
467,1012,2,478.16,UK,2024-02-16
468,1017,6,33.4,Germany,2024-02-16
469,1007,3,239.63,Italy,2024-02-16
470,1013,5,67.87,USA,2024-02-16
471,1002,3,601.08,Spain,2024-02-16
472,1003,2,433.92,USA,2024-02-16
473,1017,3,991.34,France,2024-02-16
474,1014,3,607.19,Italy,2024-02-16
475,1010,7,774.9,France,2024-02-16
476,1008,5,895.25,Germany,2024-02-16
477,1008,1,234.39,USA,2024-02-17
478,1007,4,447.99,France,2024-02-17
479,1002,4,802.35,Germany,2024-02-17
480,1021,6,596.88,Germany,2024-02-17
481,1022,4,331.09,Germany,2024-02-17
482,1022,6,61.82,France,2024-02-17
483,1002,6,562.21,Spain,2024-02-17
484,1023,6,340.23,Italy,2024-02-17
485,1012,2,958.05,UK,2024-02-17
486,1015,1,178.77,Spain,2024-02-17
487,1025,7,758.6,USA,2024-02-17
488,1016,4,981.42,Germany,2024-02-17
489,1016,6,242.3,France,2024-02-17
490,1008,6,992.56,France,2024-02-18
491,1001,1,674.84,France,2024-02-18
492,1006,6,98.23,USA,2024-02-18
493,1021,4,784.21,Spain,2024-02-18
494,1014,4,310.1,Spain,2024-02-18
495,1013,2,387.1,Spain,2024-02-18
496,1025,1,514.63,Germany,2024-02-18
497,1023,2,604.59,Italy,2024-02-19
498,1003,6,501.99,Italy,2024-02-19
499,1005,4,216.43,USA,2024-02-19
500,1010,6,819.28,Germany,2024-02-19
501,1024,2,869.38,Italy,2024-02-19
502,1003,7,311.63,USA,2024-02-19
503,1015,5,32.66,Germany,2024-02-19
504,1002,3,352.64,France,2024-02-19
505,1010,1,579.41,UK,2024-02-20
506,1022,1,923.53,Italy,2024-02-20
507,1001,6,899.28,Italy,2024-02-20
508,1020,3,953.27,Italy,2024-02-20
509,1025,5,373.86,UK,2024-02-20
510,1002,4,143.81,France,2024-02-20
511,1018,5,114.61,Italy,2024-02-21
512,1011,6,606.53,Germany,2024-02-21
513,1019,5,782.95,Spain,2024-02-21
514,1025,2,489.76,Spain,2024-02-21
515,1024,7,983.84,Germany,2024-02-21
516,1009,3,83.88,France,2024-02-21
517,1014,3,185.99,France,2024-02-21
518,1001,4,636.86,USA,2024-02-21
519,1007,4,313.19,France,2024-02-22
520,1004,4,849.54,Spain,2024-02-22
521,1005,4,410.75,UK,2024-02-22
522,1003,7,530.25,Italy,2024-02-22
523,1014,7,736.28,Italy,2024-02-22
524,1005,6,256.09,Italy,2024-02-22
525,1021,6,792.43,UK,2024-02-22
526,1010,7,145.74,UK,2024-02-22
527,1001,5,22.0,Spain,2024-02-22
528,1021,2,73.97,France,2024-02-23
529,1017,3,273.19,Germany,2024-02-23
530,1021,4,273.36,UK,2024-02-23
531,1004,2,331.43,France,2024-02-23
532,1018,3,382.13,France,2024-02-23
533,1006,2,787.17,UK,2024-02-23
534,1017,1,111.13,USA,2024-02-23
535,1009,1,810.79,UK,2024-02-23
536,1001,2,931.02,France,2024-02-23
537,1021,4,640.83,Spain,2024-02-24
538,1008,3,455.62,USA,2024-02-24
539,1015,1,75.99,UK,2024-02-24
540,1019,5,740.06,USA,2024-02-24
541,1023,5,57.35,USA,2024-02-24
542,1023,3,662.45,Germany,2024-02-24
543,1024,3,21.99,UK,2024-02-24
544,1020,5,393.72,Italy,2024-02-24
545,1004,3,971.04,Germany,2024-02-24
546,1007,3,193.34,Germany,2024-02-24
547,1005,5,663.7,Spain,2024-02-24
548,1006,7,91.35,France,2024-02-24
549,1008,1,976.23,Spain,2024-02-25
550,1003,1,262.86,France,2024-02-25
551,1014,1,647.47,Spain,2024-02-25
552,1023,6,896.86,Spain,2024-02-25
553,1021,4,299.89,Spain,2024-02-25
554,1013,5,921.09,France,2024-02-26
555,1002,3,53.3,USA,2024-02-26
556,1008,2,232.37,USA,2024-02-26
557,1008,3,554.59,Spain,2024-02-26
558,1025,2,943.65,Italy,2024-02-26
559,1020,5,679.22,Germany,2024-02-26
560,1014,1,649.35,Germany,2024-02-26
561,1023,7,848.05,USA,2024-02-26
562,1015,2,639.71,Italy,2024-02-26
563,1021,6,843.58,Italy,2024-02-26
564,1023,4,63.32,Italy,2024-02-27
565,1022,3,276.64,France,2024-02-27
566,1013,2,116.86,UK,2024-02-27
567,1015,4,819.61,Germany,2024-02-27
568,1023,4,735.47,Germany,2024-02-27
569,1005,5,745.99,Germany,2024-02-27
570,1022,3,160.05,Italy,2024-02-27
571,1007,4,639.93,UK,2024-02-27
572,1015,2,562.46,USA,2024-02-27
573,1012,5,882.64,France,2024-02-27
574,1008,3,407.48,Spain,2024-02-27
575,1011,1,559.53,Italy,2024-02-28
576,1007,3,196.14,USA,2024-02-28
577,1016,5,543.31,France,2024-02-28
578,1022,2,763.38,Italy,2024-02-28
579,1012,1,20.92,USA,2024-02-28
580,1002,5,374.26,Germany,2024-02-28
581,1023,6,877.88,UK,2024-02-29
582,1004,7,454.12,France,2024-02-29
583,1010,6,597.11,UK,2024-02-29
584,1006,5,11.86,UK,2024-02-29
585,1010,6,175.22,France,2024-02-29
586,1025,5,102.06,France,2024-02-29
587,1014,3,74.21,Spain,2024-02-29
588,1020,4,62.28,Spain,2024-03-01
589,1018,3,277.12,France,2024-03-01
590,1019,1,640.13,Germany,2024-03-01
591,1022,5,748.47,Spain,2024-03-01
592,1006,5,790.73,Germany,2024-03-01
593,1016,5,155.98,USA,2024-03-01
594,1023,1,97.71,France,2024-03-01
595,1017,3,803.35,Germany,2024-03-01
596,1025,4,306.45,USA,2024-03-01
597,1017,6,639.82,Germany,2024-03-01
598,1015,6,991.22,France,2024-03-01
599,1009,2,591.89,USA,2024-03-02
600,1020,5,979.85,Germany,2024-03-02
601,1013,3,33.95,Italy,2024-03-02
602,1022,5,700.69,Germany,2024-03-02
603,1013,3,941.27,Spain,2024-03-02
604,1003,6,233.29,UK,2024-03-02
605,1005,4,804.62,Spain,2024-03-02
606,1005,4,142.15,France,2024-03-02
607,1007,7,501.5,USA,2024-03-02
608,1024,1,16.96,USA,2024-03-02
609,1022,6,614.12,France,2024-03-02
610,1020,1,957.05,Italy,2024-03-03
611,1024,4,54.15,Italy,2024-03-03
612,1007,3,282.86,Italy,2024-03-03
613,1024,2,279.23,Italy,2024-03-03
614,1010,1,778.94,France,2024-03-03
615,1009,5,854.56,Germany,2024-03-03
616,1020,2,907.37,USA,2024-03-03
617,1021,4,322.04,Germany,2024-03-03
618,1007,6,900.84,Spain,2024-03-03
619,1024,3,963.76,UK,2024-03-03
620,1010,2,424.61,Italy,2024-03-03
621,1025,5,981.48,Spain,2024-03-03
622,1005,3,727.9,UK,2024-03-03
623,1017,3,315.61,UK,2024-03-04
624,1012,1,191.19,USA,2024-03-04
625,1018,5,233.06,Spain,2024-03-04
626,1025,7,686.92,USA,2024-03-04
627,1017,5,235.14,France,2024-03-04
628,1011,1,793.78,USA,2024-03-04
629,1017,2,90.91,Italy,2024-03-04
630,1002,1,434.34,UK,2024-03-04
631,1002,6,851.48,Spain,2024-03-04
632,1010,2,863.37,Germany,2024-03-04
633,1007,6,297.68,Italy,2024-03-04
634,1010,3,61.44,USA,2024-03-04
635,1021,4,549.4,France,2024-03-05
636,1014,4,524.19,UK,2024-03-05
637,1015,6,170.0,Italy,2024-03-05
638,1009,2,753.22,USA,2024-03-05
639,1002,1,103.21,Germany,2024-03-05
640,1008,4,543.31,France,2024-03-05
641,1003,6,378.21,USA,2024-03-05
642,1018,3,777.86,Germany,2024-03-05
643,1011,4,528.1,France,2024-03-05
644,1009,4,283.68,USA,2024-03-05
645,1015,7,915.94,Spain,2024-03-05
646,1020,6,795.33,Germany,2024-03-06
647,1013,3,898.21,Germany,2024-03-06
648,1008,6,149.3,USA,2024-03-06
649,1023,5,735.31,Germany,2024-03-06
650,1005,4,800.61,Italy,2024-03-06
651,1022,3,883.59,France,2024-03-06
652,1011,6,326.47,USA,2024-03-06
653,1013,7,131.21,Italy,2024-03-06
654,1013,2,174.3,Italy,2024-03-06
655,1023,3,689.99,Germany,2024-03-06
656,1001,4,722.16,Spain,2024-03-06
657,1005,3,195.54,UK,2024-03-06
658,1009,4,919.03,Italy,2024-03-06
659,1019,4,321.21,Germany,2024-03-06
660,1015,4,464.67,UK,2024-03-07
661,1024,2,821.06,France,2024-03-07
662,1016,5,121.81,Spain,2024-03-07
663,1001,5,425.92,Spain,2024-03-07
664,1009,3,455.85,Spain,2024-03-07
665,1011,1,441.15,Italy,2024-03-07
666,1005,4,476.57,Germany,2024-03-08
667,1003,1,135.0,Spain,2024-03-08
668,1002,3,689.46,France,2024-03-08
669,1015,7,175.46,France,2024-03-08
670,1001,7,286.48,Germany,2024-03-08
671,1025,7,312.26,UK,2024-03-09
672,1003,1,310.91,Italy,2024-03-09
673,1020,6,904.57,USA,2024-03-09
674,1007,1,790.56,UK,2024-03-09
675,1015,2,654.26,Italy,2024-03-09
676,1023,3,119.88,Italy,2024-03-09
677,1006,6,865.92,Italy,2024-03-09
678,1003,3,977.03,Italy,2024-03-09
679,1017,1,427.23,Italy,2024-03-10
680,1006,7,136.18,USA,2024-03-10
681,1019,6,911.66,Spain,2024-03-10
682,1019,1,841.07,UK,2024-03-10
683,1007,6,729.4,Germany,2024-03-10
684,1023,1,288.71,France,2024-03-10
685,1014,6,129.04,France,2024-03-10
686,1008,1,249.47,USA,2024-03-10
687,1020,1,826.29,UK,2024-03-11
688,1003,1,306.92,Italy,2024-03-11
689,1009,4,73.85,France,2024-03-11
690,1008,2,671.13,Italy,2024-03-11
691,1022,1,989.14,UK,2024-03-11
692,1017,6,434.89,Germany,2024-03-11
693,1014,2,577.62,UK,2024-03-11
694,1005,4,228.02,France,2024-03-11
695,1001,5,102.92,UK,2024-03-11
696,1009,4,869.87,Spain,2024-03-11
697,1024,1,34.89,France,2024-03-11
698,1022,4,469.79,USA,2024-03-11
699,1020,5,178.88,UK,2024-03-12
700,1019,6,595.78,UK,2024-03-12
701,1019,4,679.66,France,2024-03-12
702,1004,6,788.88,Germany,2024-03-12
703,1022,4,951.03,Spain,2024-03-12
704,1023,1,511.2,Italy,2024-03-12
705,1006,6,261.85,USA,2024-03-12
706,1008,3,284.05,USA,2024-03-13
707,1025,5,478.24,Germany,2024-03-13
708,1008,6,614.67,UK,2024-03-13
709,1020,1,521.41,Italy,2024-03-13
710,1017,6,59.0,Germany,2024-03-13
711,1020,4,292.06,UK,2024-03-13
712,1021,1,226.32,Spain,2024-03-13
713,1011,6,932.44,USA,2024-03-13
714,1024,5,291.72,USA,2024-03-13
715,1024,5,351.77,USA,2024-03-13
716,1013,3,54.41,Germany,2024-03-14
717,1013,7,281.98,USA,2024-03-14
718,1008,4,732.56,UK,2024-03-14
719,1021,5,611.83,USA,2024-03-14
720,1013,2,955.51,Spain,2024-03-14
721,1005,1,640.04,Italy,2024-03-14
722,1013,7,68.93,France,2024-03-14
723,1018,2,123.34,Italy,2024-03-14
724,1001,7,666.04,UK,2024-03-14
725,1019,7,424.76,France,2024-03-14
726,1017,1,410.2,Germany,2024-03-14
727,1007,2,671.89,USA,2024-03-15
728,1010,2,889.16,UK,2024-03-15
729,1010,6,639.74,Italy,2024-03-15
730,1009,1,162.78,Germany,2024-03-15
731,1020,6,129.35,Spain,2024-03-15
732,1006,3,538.63,Spain,2024-03-15
733,1017,1,427.81,Germany,2024-03-15
734,1011,1,93.55,Spain,2024-03-15
735,1005,5,809.94,USA,2024-03-15
736,1023,1,76.71,UK,2024-03-15
737,1022,3,435.63,Germany,2024-03-15
738,1013,7,547.11,Italy,2024-03-15
739,1012,2,390.4,Germany,2024-03-15
740,1023,3,586.38,Spain,2024-03-16
741,1025,6,708.53,USA,2024-03-16
742,1024,7,516.56,France,2024-03-16
743,1005,7,151.17,USA,2024-03-16
744,1001,7,162.92,UK,2024-03-16
745,1010,4,385.12,Germany,2024-03-16
746,1011,7,80.99,Italy,2024-03-16
747,1011,1,110.25,UK,2024-03-16
748,1008,2,843.31,France,2024-03-16
749,1006,1,114.21,USA,2024-03-16
750,1013,2,490.73,Germany,2024-03-16
751,1003,3,144.43,Spain,2024-03-16
752,1014,6,926.38,Germany,2024-03-16
753,1019,2,320.07,UK,2024-03-17
754,1015,5,296.35,UK,2024-03-17
755,1005,2,381.06,Germany,2024-03-17
756,1023,6,606.91,France,2024-03-17
757,1009,1,97.32,Germany,2024-03-17
758,1015,6,395.59,UK,2024-03-17
759,1016,6,545.99,UK,2024-03-17
760,1009,1,536.93,UK,2024-03-17
761,1022,5,835.31,Germany,2024-03-17
762,1003,2,828.55,UK,2024-03-17
763,1019,2,67.07,Italy,2024-03-17
764,1012,5,966.75,France,2024-03-17
765,1019,1,584.66,UK,2024-03-17
766,1003,5,629.97,Germany,2024-03-17
767,1019,5,993.91,France,2024-03-18
768,1018,6,573.68,Spain,2024-03-18
769,1019,5,733.51,France,2024-03-18
770,1005,1,713.78,Italy,2024-03-18
771,1019,7,964.39,UK,2024-03-18
772,1002,3,359.93,France,2024-03-18
773,1022,5,748.4,France,2024-03-18
774,1005,1,683.95,USA,2024-03-18
775,1012,6,157.31,Germany,2024-03-19
776,1016,4,488.57,Italy,2024-03-19
777,1023,2,496.5,Germany,2024-03-19
778,1001,6,764.18,Germany,2024-03-19
779,1011,1,368.65,USA,2024-03-19
780,1019,5,980.93,Spain,2024-03-19
781,1019,7,766.88,France,2024-03-19
782,1007,5,481.72,USA,2024-03-19
783,1008,4,13.14,USA,2024-03-19
784,1017,1,894.16,Germany,2024-03-19
785,1006,3,453.84,UK,2024-03-19
786,1015,6,228.54,Spain,2024-03-19
787,1022,5,40.24,Germany,2024-03-19
788,1022,2,143.09,Italy,2024-03-19
789,1016,4,806.39,Germany,2024-03-20
790,1024,6,957.87,Germany,2024-03-20
791,1019,2,680.05,USA,2024-03-20
792,1008,7,12.29,Germany,2024-03-20
793,1001,4,835.8,USA,2024-03-20
794,1015,5,15.61,UK,2024-03-20
795,1009,7,885.58,Germany,2024-03-20
796,1002,7,97.72,USA,2024-03-20
797,1002,6,287.53,France,2024-03-20
798,1011,3,553.64,Italy,2024-03-21
799,1013,5,700.78,UK,2024-03-21
800,1019,3,870.25,Spain,2024-03-21
801,1008,1,505.62,Spain,2024-03-21
802,1016,6,59.72,Spain,2024-03-21
803,1013,7,219.0,Spain,2024-03-21
804,1007,3,805.45,Italy,2024-03-21
805,1024,6,273.51,Italy,2024-03-21
806,1007,5,843.81,USA,2024-03-21
807,1009,6,979.19,UK,2024-03-21
808,1021,3,651.34,Italy,2024-03-22
809,1017,7,508.05,Italy,2024-03-22
810,1010,2,823.22,Italy,2024-03-22
811,1020,4,685.79,Italy,2024-03-22
812,1018,4,242.31,UK,2024-03-22
813,1024,7,556.98,France,2024-03-22
814,1013,3,777.59,Spain,2024-03-22
815,1014,2,142.49,Spain,2024-03-23
816,1011,1,751.16,USA,2024-03-23
817,1017,2,785.19,Spain,2024-03-23
818,1022,6,896.77,Spain,2024-03-23
819,1008,1,346.97,France,2024-03-23
820,1025,5,931.58,USA,2024-03-23
821,1001,3,277.69,Germany,2024-03-23
822,1002,4,576.09,Spain,2024-03-23
823,1015,3,439.48,USA,2024-03-23
824,1006,4,678.39,USA,2024-03-23
825,1023,2,568.98,France,2024-03-23
826,1024,7,14.32,UK,2024-03-24
827,1021,3,669.72,USA,2024-03-24
828,1024,4,138.3,France,2024-03-24
829,1015,1,305.07,UK,2024-03-24
830,1020,3,638.0,UK,2024-03-24
831,1010,1,366.45,France,2024-03-24
832,1009,3,463.12,Spain,2024-03-24
833,1014,3,376.12,France,2024-03-24
834,1007,1,194.16,UK,2024-03-24
835,1013,4,851.84,USA,2024-03-24
836,1009,6,477.56,Italy,2024-03-24
837,1001,4,681.04,UK,2024-03-24
838,1013,2,400.79,France,2024-03-24
839,1003,4,974.85,France,2024-03-25
840,1021,4,716.07,Italy,2024-03-25
841,1001,4,94.49,Germany,2024-03-25
842,1003,5,67.51,Italy,2024-03-25
843,1022,2,548.37,UK,2024-03-25
844,1010,6,249.47,Italy,2024-03-25
845,1002,6,712.29,Italy,2024-03-26
846,1010,3,497.94,Italy,2024-03-26
847,1017,4,599.18,UK,2024-03-26
848,1011,1,963.86,France,2024-03-26
849,1006,1,318.75,France,2024-03-26
850,1016,7,227.61,France,2024-03-26
851,1012,3,579.6,Spain,2024-03-26
852,1015,6,374.06,UK,2024-03-26
853,1006,7,27.38,UK,2024-03-26
854,1025,1,741.64,France,2024-03-26
855,1025,6,574.94,Germany,2024-03-26
856,1021,4,552.9,France,2024-03-26
857,1009,3,831.47,USA,2024-03-27
858,1024,5,404.03,France,2024-03-27
859,1008,3,713.03,UK,2024-03-27
860,1002,2,489.24,France,2024-03-27
861,1023,4,67.27,Spain,2024-03-27
862,1008,1,246.77,France,2024-03-27
863,1018,3,963.14,France,2024-03-27
864,1009,1,233.13,France,2024-03-28
865,1007,2,897.11,USA,2024-03-28
866,1010,3,582.52,Germany,2024-03-28
867,1013,5,531.99,France,2024-03-28
868,1015,7,677.39,Germany,2024-03-28
869,1001,1,947.92,Italy,2024-03-28
870,1024,6,475.29,USA,2024-03-28
871,1014,2,693.2,Spain,2024-03-28
872,1005,4,634.61,Germany,2024-03-28
873,1024,6,421.49,Italy,2024-03-28
874,1015,5,949.58,Italy,2024-03-29
875,1005,6,281.96,Italy,2024-03-29
876,1018,6,551.11,UK,2024-03-29
877,1003,6,865.32,France,2024-03-29
878,1013,3,677.61,USA,2024-03-29
879,1016,3,795.21,Germany,2024-03-29
880,1009,4,951.92,Germany,2024-03-30
881,1025,4,266.95,USA,2024-03-30
882,1018,3,184.33,Italy,2024-03-30
883,1022,2,981.37,France,2024-03-30
884,1012,3,734.8,UK,2024-03-30
885,1002,1,960.53,UK,2024-03-30
886,1016,2,967.38,UK,2024-03-30
887,1010,6,721.15,Italy,2024-03-30
888,1001,3,669.93,Germany,2024-03-30
889,1020,2,773.91,Italy,2024-03-30
890,1005,2,786.58,France,2024-03-31
891,1010,7,638.02,Spain,2024-03-31
892,1008,2,519.54,Germany,2024-03-31
893,1022,5,253.35,UK,2024-03-31
894,1003,4,665.81,Spain,2024-03-31
895,1004,1,162.27,Germany,2024-03-31
896,1002,3,499.73,USA,2024-03-31
897,1007,1,639.09,France,2024-03-31
898,1021,6,919.24,USA,2024-03-31
899,1007,3,282.79,USA,2024-03-31
900,1018,5,258.49,France,2024-03-31
901,1021,3,421.45,USA,2024-03-31
902,1018,1,199.68,UK,2024-03-31
903,1020,7,510.9,Germany,2024-04-01
904,1009,1,236.41,USA,2024-04-01
905,1017,6,868.1,UK,2024-04-01
906,1009,5,437.07,Germany,2024-04-01
907,1024,3,433.23,France,2024-04-01
908,1019,3,152.38,Spain,2024-04-01
909,1008,5,425.25,France,2024-04-01
910,1023,2,890.0,Spain,2024-04-01
911,1013,5,262.76,Germany,2024-04-02
912,1016,7,42.48,Italy,2024-04-02
913,1025,3,78.32,Germany,2024-04-02
914,1005,1,415.32,Germany,2024-04-02
915,1008,7,338.87,Spain,2024-04-02
916,1024,2,826.54,Spain,2024-04-02
917,1025,1,543.7,France,2024-04-02
918,1023,5,47.2,Italy,2024-04-02
919,1009,1,594.53,France,2024-04-03
920,1022,6,64.09,Spain,2024-04-03
921,1008,7,211.54,UK,2024-04-03
922,1020,3,883.91,Italy,2024-04-03
923,1015,4,967.18,Italy,2024-04-03
924,1019,7,644.23,USA,2024-04-03
925,1005,5,428.4,Spain,2024-04-03
926,1005,1,260.29,Germany,2024-04-03
927,1014,1,377.23,Germany,2024-04-03
928,1004,7,228.28,Italy,2024-04-04
929,1021,6,594.73,USA,2024-04-04
930,1016,3,420.33,Spain,2024-04-04
931,1010,3,276.33,Italy,2024-04-04
932,1009,1,952.7,Spain,2024-04-04
933,1022,1,368.09,France,2024-04-04
934,1015,1,138.64,UK,2024-04-04
935,1006,1,518.72,USA,2024-04-04
936,1019,4,972.7,Spain,2024-04-04
937,1008,7,717.18,Germany,2024-04-04
938,1001,7,697.65,UK,2024-04-05
939,1025,1,40.55,USA,2024-04-05
940,1009,5,221.26,France,2024-04-05
941,1020,5,857.97,USA,2024-04-05
942,1012,7,440.97,USA,2024-04-05
943,1017,3,487.68,France,2024-04-05
944,1004,2,25.9,Germany,2024-04-05
945,1020,3,21.3,Spain,2024-04-05
946,1001,6,844.85,France,2024-04-05
947,1024,3,506.08,Italy,2024-04-05
948,1001,1,545.33,UK,2024-04-06
949,1001,5,721.27,Italy,2024-04-06
950,1008,5,961.9,Italy,2024-04-06
951,1003,3,402.59,Germany,2024-04-06
952,1011,2,810.7,France,2024-04-06
953,1012,7,323.38,Italy,2024-04-06
954,1019,1,798.71,Italy,2024-04-06
955,1024,7,576.03,Germany,2024-04-06
956,1019,2,255.03,France,2024-04-06
957,1001,1,29.6,UK,2024-04-06
958,1011,5,359.43,USA,2024-04-06
959,1006,1,436.23,France,2024-04-06
960,1014,5,77.67,Germany,2024-04-06
961,1018,1,688.59,UK,2024-04-07
962,1002,6,380.18,France,2024-04-07
963,1001,5,787.01,Italy,2024-04-07
964,1023,3,787.42,UK,2024-04-07
965,1024,4,285.07,Spain,2024-04-07
966,1009,1,21.37,Italy,2024-04-08
967,1010,1,112.09,Spain,2024-04-08
968,1005,4,409.56,UK,2024-04-08
969,1018,2,586.36,USA,2024-04-08
970,1017,4,83.3,Germany,2024-04-08
971,1010,2,488.21,Spain,2024-04-08
972,1024,2,692.88,Spain,2024-04-08
973,1011,7,86.21,UK,2024-04-08
974,1015,6,77.65,USA,2024-04-08
975,1022,4,603.05,France,2024-04-08
976,1003,7,557.85,UK,2024-04-08
977,1002,6,965.37,Germany,2024-04-08
978,1010,1,709.56,Italy,2024-04-08
979,1009,3,278.39,France,2024-04-08
980,1004,1,125.9,USA,2024-04-09
981,1010,5,945.29,Italy,2024-04-09
982,1019,5,210.61,Italy,2024-04-09
983,1004,2,379.82,UK,2024-04-09
984,1001,1,391.76,USA,2024-04-09
985,1009,4,940.25,Spain,2024-04-09
986,1009,5,621.08,Italy,2024-04-10
987,1016,6,110.87,Spain,2024-04-10
988,1022,2,101.7,Germany,2024-04-10
989,1021,7,809.12,France,2024-04-10
990,1009,3,18.96,France,2024-04-10
991,1017,3,641.31,Spain,2024-04-10
992,1018,4,211.98,USA,2024-04-10
993,1021,7,59.52,France,2024-04-10
994,1025,6,278.1,Spain,2024-04-11
995,1008,3,464.35,Germany,2024-04-11
996,1001,3,598.86,Italy,2024-04-11
997,1016,7,840.11,Italy,2024-04-11
998,1019,4,933.38,UK,2024-04-11
999,1014,3,620.62,USA,2024-04-12
1000,1023,3,526.23,Germany,2024-04-12
1001,1014,2,433.22,UK,2024-04-12
1002,1006,3,542.95,USA,2024-04-12
1003,1001,6,861.23,Spain,2024-04-12
1004,1024,3,459.8,UK,2024-04-12
1005,1011,3,708.41,Spain,2024-04-12
1006,1008,4,539.68,Germany,2024-04-12
1007,1005,7,73.37,Spain,2024-04-12
1008,1022,3,602.86,UK,2024-04-12
1009,1004,6,507.6,UK,2024-04-12
1010,1011,6,38.03,France,2024-04-12
1011,1023,3,415.57,Spain,2024-04-13
1012,1025,1,924.79,UK,2024-04-13
1013,1016,5,79.79,Spain,2024-04-13
1014,1021,2,882.87,UK,2024-04-13
1015,1015,4,451.74,France,2024-04-13
1016,1001,4,925.32,Germany,2024-04-14
1017,1024,2,540.2,UK,2024-04-14
1018,1020,1,829.84,Italy,2024-04-14
1019,1023,5,333.48,Spain,2024-04-14
1020,1017,2,278.78,USA,2024-04-14
1021,1017,5,904.52,Italy,2024-04-14
1022,1019,5,508.1,Italy,2024-04-14
1023,1009,6,796.54,USA,2024-04-14
1024,1012,7,467.23,Italy,2024-04-14
1025,1022,1,168.76,UK,2024-04-15
1026,1023,5,724.71,France,2024-04-15
1027,1015,7,435.31,UK,2024-04-15
1028,1002,5,735.08,Spain,2024-04-15
1029,1022,6,92.72,USA,2024-04-15
1030,1011,2,882.85,Spain,2024-04-15
1031,1010,7,114.29,France,2024-04-15
1032,1002,1,219.78,Germany,2024-04-15
1033,1014,7,67.15,Italy,2024-04-15
1034,1019,6,227.36,France,2024-04-15
1035,1024,3,561.31,USA,2024-04-15
1036,1001,3,682.19,Spain,2024-04-15
1037,1001,5,505.11,Germany,2024-04-15
1038,1001,2,31.92,UK,2024-04-16
1039,1016,1,500.75,UK,2024-04-16
1040,1007,2,517.16,UK,2024-04-16
1041,1005,2,896.72,Spain,2024-04-16
1042,1017,7,425.08,USA,2024-04-16
1043,1017,3,78.36,UK,2024-04-16
1044,1003,7,886.76,Germany,2024-04-16
1045,1016,1,734.0,USA,2024-04-16
1046,1024,1,470.4,Italy,2024-04-16
1047,1016,1,490.24,Germany,2024-04-16
1048,1009,7,456.78,Germany,2024-04-17
1049,1019,2,410.52,Germany,2024-04-17
1050,1011,5,415.64,USA,2024-04-17
1051,1008,2,902.76,Spain,2024-04-17
1052,1008,6,484.47,USA,2024-04-17
1053,1008,4,849.45,France,2024-04-17
1054,1025,1,83.36,Spain,2024-04-17
1055,1013,5,989.33,France,2024-04-17
1056,1010,5,451.92,Germany,2024-04-17
1057,1022,6,378.81,Germany,2024-04-17
1058,1004,3,375.79,Germany,2024-04-18
1059,1011,3,385.43,Spain,2024-04-18
1060,1017,1,15.26,France,2024-04-18
1061,1002,5,112.64,USA,2024-04-18
1062,1004,1,587.88,UK,2024-04-18
1063,1016,5,356.7,Spain,2024-04-18
1064,1020,1,24.48,Germany,2024-04-18
1065,1012,5,392.75,France,2024-04-18
1066,1009,7,891.51,UK,2024-04-18
1067,1017,7,609.36,UK,2024-04-18
1068,1004,2,583.02,Italy,2024-04-18
1069,1012,2,420.82,Germany,2024-04-19
1070,1022,3,193.52,UK,2024-04-19
1071,1002,6,869.95,Spain,2024-04-19
1072,1012,3,196.04,USA,2024-04-19
1073,1002,2,388.97,Spain,2024-04-19
1074,1023,2,958.91,USA,2024-04-19
1075,1006,1,271.42,Italy,2024-04-19
1076,1003,6,232.79,Italy,2024-04-19
1077,1013,4,468.48,Italy,2024-04-19
1078,1013,3,599.35,Italy,2024-04-19
1079,1010,7,779.02,France,2024-04-19
1080,1023,7,195.85,France,2024-04-19
1081,1005,4,374.66,France,2024-04-19
1082,1008,1,469.35,Italy,2024-04-19
1083,1021,3,826.08,France,2024-04-20
1084,1024,6,670.18,Italy,2024-04-20
1085,1025,6,889.24,UK,2024-04-20
1086,1007,5,827.16,Spain,2024-04-20
1087,1008,3,814.59,UK,2024-04-20
1088,1006,3,998.9,Germany,2024-04-20
1089,1010,3,997.65,Germany,2024-04-20
1090,1015,5,324.92,Germany,2024-04-20
1091,1020,3,366.82,Germany,2024-04-20
1092,1022,3,23.56,France,2024-04-20
1093,1003,6,24.24,Italy,2024-04-21
1094,1024,2,709.1,France,2024-04-21
1095,1023,7,516.52,Spain,2024-04-21
1096,1003,3,628.37,UK,2024-04-21
1097,1010,3,585.14,UK,2024-04-21
1098,1019,3,679.36,UK,2024-04-21
1099,1011,1,236.59,Germany,2024-04-21
1100,1023,3,929.85,France,2024-04-21
1101,1005,7,219.52,Germany,2024-04-21
1102,1012,2,653.01,USA,2024-04-22
1103,1010,4,940.53,Italy,2024-04-22
1104,1011,3,834.5,Germany,2024-04-22
1105,1023,6,379.39,Germany,2024-04-22
1106,1021,4,505.36,USA,2024-04-22
1107,1025,1,79.1,Italy,2024-04-22
1108,1019,1,639.58,France,2024-04-22
1109,1001,7,212.12,Italy,2024-04-22
1110,1022,2,671.08,UK,2024-04-22
1111,1020,2,781.31,Germany,2024-04-23
1112,1011,7,839.77,Italy,2024-04-23
1113,1020,6,911.11,France,2024-04-23
1114,1024,2,407.87,UK,2024-04-23
1115,1002,5,835.45,Spain,2024-04-23
1116,1004,6,587.36,France,2024-04-23
1117,1011,6,705.61,UK,2024-04-24
1118,1008,2,93.72,France,2024-04-24
1119,1020,7,884.09,Italy,2024-04-24
1120,1011,7,506.56,Germany,2024-04-24
1121,1015,3,740.05,USA,2024-04-24
1122,1003,3,39.73,Spain,2024-04-24
1123,1017,7,607.01,USA,2024-04-24
1124,1008,7,848.91,Italy,2024-04-24
1125,1014,4,354.03,UK,2024-04-24
1126,1023,4,818.8,Spain,2024-04-24
1127,1019,6,391.74,Spain,2024-04-24
1128,1007,4,176.44,Germany,2024-04-24
1129,1018,6,942.96,France,2024-04-25
1130,1015,5,534.58,UK,2024-04-25
1131,1025,4,285.58,Germany,2024-04-25
1132,1014,5,240.18,France,2024-04-25
1133,1010,7,371.94,France,2024-04-25
1134,1013,4,218.4,Italy,2024-04-25
1135,1004,7,779.04,Italy,2024-04-25
1136,1024,7,278.65,Italy,2024-04-25
1137,1023,3,567.77,Italy,2024-04-26
1138,1005,6,782.75,Italy,2024-04-26
1139,1024,3,13.11,France,2024-04-26
1140,1023,1,447.33,Spain,2024-04-26
1141,1025,7,66.41,Spain,2024-04-26
1142,1009,6,727.76,Spain,2024-04-26
1143,1012,1,863.58,UK,2024-04-27
1144,1017,1,941.02,Spain,2024-04-27
1145,1021,2,476.16,USA,2024-04-27
1146,1012,4,690.17,France,2024-04-27
1147,1007,1,861.2,Spain,2024-04-27
1148,1016,7,701.55,Germany,2024-04-27
1149,1025,6,904.27,UK,2024-04-27
1150,1017,5,515.05,UK,2024-04-28
1151,1025,4,494.73,Italy,2024-04-28
1152,1004,4,557.14,USA,2024-04-28
1153,1013,3,149.81,Italy,2024-04-28
1154,1024,4,173.65,Germany,2024-04-28
1155,1013,6,827.45,Italy,2024-04-29
1156,1006,7,575.55,USA,2024-04-29
1157,1006,6,260.27,Spain,2024-04-29
1158,1003,3,344.11,Germany,2024-04-29
1159,1005,6,988.64,USA,2024-04-29
1160,1021,2,526.73,Italy,2024-04-29
1161,1004,5,627.24,Spain,2024-04-29
